{"cameraMode":{"drawMode":0,"name":"Shaded","section":"Shading Mode"},"sceneLighting":true,"audioPlay":false,"sceneViewState":{"m_AlwaysRefresh":false,"showFog":true,"showSkybox":true,"showFlares":true,"showImageEffects":true,"showParticleSystems":true,"showVisualEffectGraphs":true,"m_FxEnabled":true},"in2DMode":false,"pivot":{"x":-212.16751098632813,"y":80.2503433227539,"z":410.38677978515627},"rotation":{"x":-0.022554265335202218,"y":-0.9569640159606934,"z":0.2788088619709015,"w":-0.07739802449941635},"size":110.06681060791016,"orthographic":true}